"job_id";"first_name";"last_name";"designation";"address1";"address2";"phoneNumber";"gender";"relationship_status";"dob";"email";"zip_id";"city";"state"
3;"jyot";"khant";"developer";"604 setu heights,abrama ,valsad";"";"1234567890";"male";"married";"2024-01-01";"abc@gmail.com";"396002";"";""
4;"jyot";"khant";"sdl-1";"setu";"height";"1234567890";"male";"married";"2002-09-05";"a@gmail.com";"1234547";"surat";"UP"
5;"jyot";"khant";"dev";"mjktu6umkyumkyum";"";"1234567890";"on";"single";"";"j@gmail.com";"396002";"";""
6;"jyot";"khant";"dev";"wre5hnj56t7jku8";"";"1234567890";"on";"single";"2024-02-14";"j@gmail.com";"396002";"";""
7;"jyot";"khant";"dev";"vsferthbtj";"";"1234567890";"on";"undefined";"2024-02-12";"j@gmail.com";"396002";"";""
8;"jyot";"khant";"dev";"dgrnytjmytumk";"";"1234567890";"on";"single";"2024-02-11";"j@gmail.com";"396001";"";""
9;"jyot";"khant";"dev";"byug78t7yug78g";"";"1234567890";"on";"single";"2018-01-02";"j@gmail.com";"396002";"";""
10;"jyot";"khant";"developer";"f423gt46h56j567ik";"";"1234567890";"on";"married";"2024-02-05";"j@gmail.com";"396002";"";""
11;"jyot";"khant";"developer";"f423gt46h56j567ik";"";"1234567890";"on";"married";"2024-02-05";"j@gmail.com";"396002";"";""
12;"jyot";"khant";"developer";"f423gt46h56j567ik";"";"1234567890";"on";"married";"2024-02-05";"j@gmail.com";"396002";"";""
102;"jfygnj";"rtnjhfrytj";"rytnjfry";"nhjrnjytj7uk";"";"12334";"gerghrtbh";"brbhrtyhry";"2024-02-05";"jk@gmail.com";"396001";"";""
103;"jyot";"khant";"dev";"qwdfwervgeth";"";"1234567890";"on";"single";"2024-02-04";"j@gmail.com";"396002";"";""
104;"jyot";"khant";"dev";"qwdfwervgeth";"";"1234567890";"on";"single";"2024-02-04";"j@gmail.com";"396002";"";""
105;"jyot";"khant";"dev";"qwdfwervgeth";"";"1234567890";"on";"single";"2024-02-04";"j@gmail.com";"396002";"";""
106;"jyot";"khant";"dev";"qwdfwervgeth";"";"1234567890";"on";"single";"2024-02-04";"j@gmail.com";"396002";"";""
107;"jyot";"khant";"dev";"qwdfwervgeth";"";"1234567890";"on";"single";"2024-02-04";"j@gmail.com";"396002";"";""
108;"jyot";"khant";"dev";"qwdfwervgeth";"";"1234567890";"on";"single";"2024-02-04";"j@gmail.com";"396002";"";""
109;"jyot";"khant";"dev";"qwdfwervgeth";"";"1234567890";"on";"single";"2024-02-04";"j@gmail.com";"396002";"";""
110;"jyot";"khant";"dev";"qwdfwervgeth";"";"1234567890";"on";"single";"2024-02-04";"j@gmail.com";"396002";"";""
111;"jyot";"khant";"dev";"qwdfwervgeth";"";"1234567890";"on";"single";"2024-02-04";"j@gmail.com";"396002";"";""
112;"jyot";"khant";"dev";"qwdfwervgeth";"";"1234567890";"on";"single";"2024-02-04";"j@gmail.com";"396002";"";""
113;"jyot";"khant";"dev";"bdrgtynrytjjunytu";"";"1234567890";"on";"single";"2024-02-05";"j@gmail.com";"396002";"";""
114;"jyot";"khant";"dev";"bdrgtynrytjjunytu";"";"1234567890";"on";"single";"2024-02-05";"j@gmail.com";"396002";"";""
115;"jyot";"khant";"dev";"bdrgtynrytjjunytu";"";"1234567890";"on";"single";"2024-02-05";"j@gmail.com";"396002";"";""
116;"jyot";"khant";"dev";"bdrgtynrytjjunytu";"";"1234567890";"on";"single";"2024-02-05";"j@gmail.com";"396002";"";""
117;"jyot";"khant";"dev";"bdrgtynrytjjunytu";"";"1234567890";"on";"single";"2024-02-05";"j@gmail.com";"396002";"";""
118;"jyot";"khant";"dev";"bdrgtynrytjjunytu";"";"1234567890";"on";"single";"2024-02-05";"j@gmail.com";"396002";"";""
119;"jyot";"khant";"dev";"3fre4fer5gve4";"";"1234567890";"on";"single";"2024-02-12";"j@gmail.com";"396002";"";""
120;"jyot";"khant";"dev";"hdrthnj5y";"";"1234567890";"on";"single";"2024-02-04";"j@gmail.com";"396002";"";""
121;"jyot";"khant";"dev";"bghrytnhjytuj";"";"1234567890";"on";"single";"2024-02-04";"j@gmail.com";"396002";"";""
122;"jyot";"khant";"developer";"604 setu heights,abrama ,valsad";"";"1234567890";"male";"married";"2024-01-01";"abc@gmail.com";"396002";"";""
123;"jyot";"khant";"developer";"604 setu heights,abrama ,valsad";"";"1234567890";"male";"married";"2024-01-01";"abc@gmail.com";"396002";"";""
124;"jyot";"khant";"developer";"604 setu heights,abrama ,valsad";"";"1234567890";"male";"married";"2024-01-01";"abc@gmail.com";"396002";"";""
125;"jyot";"khant";"developer";"604 setu heights,abrama ,valsad";"";"1234567890";"male";"married";"2024-01-01";"abc@gmail.com";"396002";"";""
126;"jyot";"khant";"developer";"604 setu heights,abrama ,valsad";"";"1234567890";"male";"married";"2024-01-01";"abc@gmail.com";"396002";"";""
127;"jyot";"khant";"developer";"604 setu heights,abrama ,valsad";"";"1234567890";"male";"married";"2024-01-01";"abc@gmail.com";"396002";"";""
128;"jyot";"khant";"developer";"604 setu heights,abrama ,valsad";"";"1234567890";"male";"married";"2024-01-01";"abc@gmail.com";"396002";"";""
129;"jyot";"khant";"developer";"604 setu heights,abrama ,valsad";"";"1234567890";"male";"married";"2024-01-01";"abc@gmail.com";"396002";"";""
130;"jyot";"khant";"developer";"604 setu heights,abrama ,valsad";"";"1234567890";"male";"married";"2024-01-01";"abc@gmail.com";"396002";"";""
131;"jyot";"khant";"developer";"604 setu heights,abrama ,valsad";"";"1234567890";"male";"married";"2024-01-01";"abc@gmail.com";"396002";"";""
132;"jyot";"khant";"developer";"604 setu heights,abrama ,valsad";"";"1234567890";"male";"married";"2024-01-01";"abc@gmail.com";"396002";"";""
133;"jyot";"khant";"developer";"604 setu heights,abrama ,valsad";"";"1234567890";"male";"married";"2024-01-01";"abc@gmail.com";"396002";"";""
134;"jyot";"khant";"developer";"604 setu heights,abrama ,valsad";"";"1234567890";"male";"married";"2024-01-01";"abc@gmail.com";"396002";"";""
135;"jyot";"khant";"developer";"604 setu heights,abrama ,valsad";"";"1234567890";"male";"married";"2024-01-01";"abc@gmail.com";"396002";"";""
136;"jyot";"khant";"developer";"604 setu heights,abrama ,valsad";"";"1234567890";"male";"married";"2024-01-01";"abc@gmail.com";"396002";"";""
137;"jyot";"khant";"developer";"604 setu heights,abrama ,valsad";"";"1234567890";"male";"married";"2024-01-01";"abc@gmail.com";"396002";"";""
138;"jyot";"khant";"developer";"604 setu heights,abrama ,valsad";"";"1234567890";"male";"married";"2024-01-01";"abc@gmail.com";"396002";"";""
139;"jyot";"khant";"developer";"604 setu heights,abrama ,valsad";"";"1234567890";"male";"married";"2024-01-01";"abc@gmail.com";"396002";"";""
144;"jyot";"wrghg";"oijfbier9jbh";"fq2e4gf";"fgw42gh";"";"undefined";"married";"2024-03-05";"h46j@gmail.com";"2354677";"";""
145;"jyot";"khant";"oijfbier9jbh";"fq2e4gf";"fgw42gh";"1234567890";"male";"single";"2024-03-05";"h46j@gmail.com";"2354677";"";""
146;"jyot";"khant";"oijfbier9jbh";"fq2e4gf";"fgw42gh";"1234567890";"male";"married";"2024-03-05";"h46j@gmail.com";"2354677";"";""
147;"jyot";"khant";"oijfbier9jbh";"fq2e4gf";"fgw42gh";"1234567890";"male";"married";"2024-03-05";"h46j@gmail.com";"2354677";"";""
148;"jyot";"khant";"oijfbier9jbh";"fq2e4gf";"fgw42gh";"1234567890";"male";"married";"2024-03-05";"h46j@gmail.com";"2354677";"";""
149;"jyot";"khant";"oijfbier9jbh";"fq2e4gf";"fgw42gh";"1234567890";"male";"married";"2024-03-05";"h46j@gmail.com";"2354677";"";""
150;"jyot";"khant";"oijfbier9jbh";"fq2e4gf";"fgw42gh";"1234567890";"male";"married";"2024-03-05";"h46j@gmail.com";"2354677";"";""
151;"jyot";"khant";"oijfbier9jbh";"fq2e4gf";"fgw42gh";"1234567890";"male";"married";"2024-03-05";"h46j@gmail.com";"2354677";"";""
152;"jyot";"khant";"oijfbier9jbh";"fq2e4gf";"fgw42gh";"1234567890";"male";"married";"2024-03-05";"h46j@gmail.com";"2354677";"";""
153;"jyot";"khant";"oijfbier9jbh";"fq2e4gf";"fgw42gh";"1234567890";"male";"married";"2024-03-18";"h46j@gmail.com";"2354677";"";""
154;"jyot";"khant";"oijfbier9jbh";"fq2e4gf";"fgw42gh";"1234567890";"male";"married";"2024-03-18";"h46j@gmail.com";"2354677";"";""
155;"jyot";"khant";"oijfbier9jbh";"fq2e4gf";"fgw42gh";"1234567890";"male";"married";"2024-03-18";"h46j@gmail.com";"2354677";"";""
156;"jyot";"khant";"oijfbier9jbh";"fq2e4gf";"fgw42gh";"1234567890";"male";"married";"2024-03-18";"h46j@gmail.com";"2354677";"";""
157;"jyot";"khant";"oijfbier9jbh";"fq2e4gf";"fgw42gh";"1234567890";"male";"married";"2024-03-18";"h46j@gmail.com";"2354677";"";""
158;"jyot";"khant";"oijfbier9jbh";"fq2e4gf";"fgw42gh";"1234567890";"male";"married";"2024-03-18";"h46j@gmail.com";"2354677";"";""
159;"jyot";"khant";"oijfbier9jbh";"fq2e4gf";"fgw42gh";"1234567890";"male";"married";"2024-03-18";"h46j@gmail.com";"2354677";"";""
160;"jyot";"khant";"oijfbier9jbh";"fq2e4gf";"fgw42gh";"1234567890";"male";"married";"2024-03-18";"h46j@gmail.com";"2354677";"";""
161;"jyot";"khant";"oijfbier9jbh";"fq2e4gf";"fgw42gh";"1234567890";"male";"married";"2024-03-18";"h46j@gmail.com";"2354677";"";""
171;"jyot";"khant";"dev";"surat";"surat";"1234567890";"male";"single";"2024-03-07";"j@gmail.com";"396002";"";""
172;"jyot";"khant";"dev";"surat";"surat";"1234567890";"male";"single";"2024-03-07";"j@gmail.com";"396002";"";""
173;"jyot";"khant";"dev";"surat";"surat";"1234567890";"male";"single";"2024-03-07";"j@gmail.com";"396002";"";""
174;"jyot";"khant";"dev";"surat";"surat";"1234567890";"male";"single";"2024-03-07";"j@gmail.com";"396002";"";""
175;"jyot";"khant";"dev";"surat";"surat";"1234567890";"male";"single";"2024-03-07";"j@gmail.com";"396002";"";""
176;"jyot";"khant";"dev";"surat";"surat";"1234567890";"male";"single";"2024-03-07";"j@gmail.com";"396002";"";""
177;"jyot";"khant";"dev";"surat";"surat";"1234567890";"male";"single";"2024-03-07";"j@gmail.com";"396002";"";""
178;"jyot";"khant";"dev";"surat";"surat";"1234567890";"male";"single";"2024-03-07";"j@gmail.com";"396002";"";""
179;"jyot";"khant";"dev";"surat";"surat";"1234567890";"male";"single";"2024-03-07";"j@gmail.com";"396002";"";""
180;"jyot";"khant";"dev";"surat";"surat";"1234567890";"male";"single";"2024-03-07";"j@gmail.com";"396002";"";""
181;"jyot";"khant";"dev";"surat";"surat";"1234567890";"male";"single";"2024-03-07";"j@gmail.com";"396002";"";""
182;"jyot";"khant";"dd";"setu";"setu";"1234567890";"male";"single";"2024-03-05";"a@gmail.com";"396003";"";""
183;"awevge";"bhswrbhg";"bhestnjhet";"hdrtnjhdet";"de5tnjdet";"1234567890";"male";"single";"2003-03-03";"j@gmail.com";"gtq24t";"valsad";"UP"
184;"awevge";"bhswrbhg";"bhestnjhet";"hdrtnjhdet";"de5tnjdet";"1234567890";"male";"single";"2003-03-03";"j@gmail.com";"gtq24t";"valsad";"UP"
185;"awevge";"bhswrbhg";"bhestnjhet";"hdrtnjhdet";"de5tnjdet";"1234567890";"male";"single";"2003-03-03";"j@gmail.com";"gtq24t";"valsad";"UP"
186;"awevge";"bhswrbhg";"bhestnjhet";"hdrtnjhdet";"de5tnjdet";"1234567890";"male";"single";"2003-03-03";"j@gmail.com";"gtq24t";"valsad";"UP"
187;"wrgrweg";"rwebgh";"drtnjry";"etbhe5t";"rtnjh4";"1234567890";"female";"single";"2003-03-03";"h46j@gmail.com";"12345";"valsad";"UP"
188;"wrgrweg";"rwebgh";"drtnjry";"etbhe5t";"rtnjh4";"1234567890";"female";"single";"2003-03-03";"h46j@gmail.com";"12345";"valsad";"UP"
189;"wrgrweg";"rwebgh";"drtnjry";"etbhe5t";"rtnjh4";"1234567890";"female";"single";"2003-03-03";"h46j@gmail.com";"12345";"valsad";"UP"
190;"wrgrweg";"rwebgh";"drtnjry";"etbhe5t";"rtnjh4";"1234567890";"female";"single";"2003-03-03";"h46j@gmail.com";"12345";"valsad";"UP"
191;"ytrtygjh";"jhg";"gjh";"jhg";"jhg";"6546546546";"female";"single";"2003-07-09";"gjh@gmail.com";"hjj";"valsad";"UP"
192;"ytrtygjh";"jhg";"gjh";"jhg";"jhg";"6546546546";"female";"single";"2003-07-09";"gjh@gmail.com";"hjj";"valsad";"UP"
193;"ytrtygjh";"jhg";"gjh";"jhg";"jhg";"6546546546";"female";"single";"2003-07-09";"gjh@gmail.com";"hjj";"valsad";"UP"
194;"ytrtygjh";"jhg";"gjh";"jhg";"jhg";"6546546546";"female";"single";"2003-07-09";"gjh@gmail.com";"hjj";"valsad";"UP"
195;"ytrtygjh";"jhg";"gjh";"jhg";"jhg";"6546546546";"female";"single";"2003-07-09";"gjh@gmail.com";"hjj";"valsad";"UP"
196;"ytrtygjh";"jhg";"gjh";"jhg";"jhg";"6546546546";"female";"single";"2003-07-09";"gjh@gmail.com";"hjj";"valsad";"UP"
197;"asasdasd";"jhgdasdasdasdasd";"asdasdasdasdasd";"asdasdas";"jhg";"6546546546";"female";"single";"2003-07-09";"gjh@gmail.com";"hjj";"valsad";"UP"
198;"asasdasd";"jhgdasdasdasdasd";"asdasdasdasdasd";"asdasdas";"jhg";"6546546546";"female";"single";"2003-07-09";"gjh@gmail.com";"hjj";"valsad";"UP"
201;"chirag";"makwana";"sdl";"rameshwar";"rameshwar";"9876543212";"female";"single";"2003-07-07";"c@mgmail.com";"102345";"surat";"UP"
202;"njynjh";"rynjhrytjh";"njrnjy";"vgdetbh";"nrynjyt";"1234567890";"female";"single";"2002-09-18";"h46j@gmail.com";"undefined";"valsad";"UP"
203;"njynjh";"rynjhrytjh";"njrnjy";"vgdetbh";"nrynjyt";"1234567890";"female";"single";"2002-09-18";"h46j@gmail.com";"undefined";"valsad";"UP"
204;"jo0kgejkhopertkhopkeo";"rynjhrytjh";"njrnjy";"vgdetbh";"nrynjyt";"1234567890";"female";"single";"2002-09-16";"h46j@gmail.com";"1234353456";"valsad";"UP"
205;"njynjh";"rynjhrytjh";"njrnjy";"vgdetbh";"nrynjyt";"1234567890";"female";"single";"2002-09-18";"h46j@gmail.com";"undefined";"valsad";"UP"
206;"njynjh";"rynjhrytjh";"njrnjy";"vgdetbh";"nrynjyt";"1234567890";"female";"single";"2002-09-18";"h46j@gmail.com";"undefined";"valsad";"UP"
207;"njynjh";"rynjhrytjh";"njrnjy";"vgdetbh";"nrynjyt";"1234567890";"female";"single";"2002-09-18";"h46j@gmail.com";"undefined";"valsad";"UP"
208;"njynjh";"rynjhrytjh";"njrnjy";"vgdetbh";"nrynjyt";"1234567890";"female";"single";"2002-09-18";"h46j@gmail.com";"undefined";"valsad";"UP"
209;"njynjh";"rynjhrytjh";"njrnjy";"vgdetbh";"nrynjyt";"1234567890";"female";"single";"2002-09-18";"h46j@gmail.com";"undefined";"valsad";"UP"
210;"njynjh";"rynjhrytjh";"njrnjy";"vgdetbh";"nrynjyt";"1234567890";"female";"single";"2002-09-18";"h46j@gmail.com";"undefined";"valsad";"UP"
211;"njynjh";"rynjhrytjh";"njrnjy";"vgdetbh";"nrynjyt";"1234567890";"female";"single";"2002-08-09";"h46j@gmail.com";"12345";"valsad";"UP"
212;"njynjh";"rynjhrytjh";"njrnjy";"vgdetbh";"nrynjyt";"1234567890";"female";"single";"2002-09-18";"h46j@gmail.com";"undefined";"valsad";"UP"
213;"njynjh";"rynjhrytjh";"njrnjy";"vgdetbh";"nrynjyt";"1234567890";"female";"single";"2002-09-18";"h46j@gmail.com";"undefined";"valsad";"UP"
214;"njynjh";"rynjhrytjh";"njrnjy";"vgdetbh";"nrynjyt";"1234567890";"female";"single";"2002-09-18";"h46j@gmail.com";"undefined";"valsad";"UP"
215;"njynjh";"rynjhrytjh";"njrnjy";"vgdetbh";"nrynjyt";"1234567890";"female";"single";"2002-09-18";"h46j@gmail.com";"undefined";"valsad";"UP"
216;"njynjh";"rynjhrytjh";"njrnjy";"vgdetbh";"nrynjyt";"1234567890";"female";"single";"2002-09-18";"h46j@gmail.com";"undefined";"valsad";"UP"
217;"rushikesh";"falak";"devlopment";"vastral";"vastral";"9876543210";"male";"single";"2002-09-12";"rushi@f.com";"382006";"surat";"UP"
218;"ghw3tetbhe4t";"ebhervg";"w3bghw3g";"ggh5r3w3f5";"vgwr3g5rw34";"1234567890";"male";"single";"2002-09-18";"3gw35g35update@gmail.com";"396003";"valsad";"UP"
219;"ghw3tetbhe4t";"ebhervg";"w3bghw3g";"ggh5r3w3f5";"vgwr3g5rw34";"1234567890";"male";"single";"2002-09-18";"3gw35g35update@gmail.com";"396003";"valsad";"UP"
220;"essdvvsw";"erbherg";"w3bghw3g";"ggh5r3w3f5";"vgwr3g5rw34";"1234567890";"male";"single";"2002-09-18";"3gw35g35update@gmail.com";"396003";"valsad";"UP"
221;"jyot47";"khant";"sdl-1";"setu heights";"valsad";"9725888368";"male";"married";"2002-09-10";"jyotkhant2002@gmail.com";"396001";"valsad";"gujrat"
222;"firstname";"last";"desi";"";"";"";"undefined";"single";"2002-09-18";"";"";"valsad";"UP"
223;"jyot";"khant";"desi";"br3tbhe4th";"g35bgh";"he3bhe4t";"undefined";"single";"2002-09-18";"hertnhbjrytbnhr";"396003";"valsad";"UP"
224;"jyot";"khant";"desi";"br3tbhe4th";"g35bgh";"he3bhe4t";"undefined";"single";"2002-09-18";"hertnhbjrytbnhr";"396003";"valsad";"UP"
225;"jyot";"khant";"desi";"br3tbhe4th";"g35bgh";"he3bhe4t";"female";"single";"2002-09-18";"hertnhbjrytbnhr";"396003";"valsad";"UP"
226;"jyot";"khant";"desi";"br3tbhe4th";"g35bgh";"he3bhe4t";"female";"single";"2002-09-18";"hertnhbjrytbnhr";"396003";"valsad";"UP"
227;"jyot";"khant";"desi";"br3tbhe4th";"g35bgh";"he3bhe4t";"female";"single";"2002-09-18";"hertnhbjrytbnhr";"396003";"valsad";"UP"
228;"jyot";"khant";"desi";"br3tbhe4th";"g35bgh";"he3bhe4t";"female";"single";"2002-09-18";"hertnhbjrytbnhr";"396003";"valsad";"UP"
229;"jyot";"khant";"desi";"br3tbhe4th";"g35bgh";"he3bhe4t";"female";"single";"2002-09-18";"hertnhbjrytbnhr";"396003";"valsad";"UP"
230;"jyot";"khant";"desi";"br3tbhe4th";"g35bgh";"he3bhe4t";"female";"single";"2002-09-18";"hertnhbjrytbnhr";"396003";"valsad";"UP"
231;"jyot";"khant";"desi";"br3tbhe4th";"g35bgh";"he3bhe4t";"female";"single";"2002-09-18";"hertnhbjrytbnhr";"396003";"valsad";"UP"
232;"jyot";"khant";"desi";"br3tbhe4th";"g35bgh";"he3bhe4t";"female";"single";"2002-09-18";"hertnhbjrytbnhr";"396003";"valsad";"UP"
233;"jyot";"khant";"desi";"br3tbhe4th";"g35bgh";"he3bhe4t";"female";"single";"2002-09-18";"hertnhbjrytbnhr";"396003";"valsad";"UP"
234;"jyot";"khant";"desi";"br3tbhe4th";"g35bgh";"he3bhe4t";"female";"single";"2002-09-18";"hertnhbjrytbnhr";"396003";"valsad";"UP"
235;"jyot";"khant";"desi";"br3tbhe4th";"g35bgh";"he3bhe4t";"female";"single";"2002-09-18";"hertnhbjrytbnhr";"396003";"valsad";"UP"
236;"jyot";"khant";"desi";"br3tbhe4th";"g35bgh";"he3bhe4t";"female";"single";"2002-09-18";"hertnhbjrytbnhr";"396003";"valsad";"UP"
237;"jyot";"khant";"desi";"br3tbhe4th";"g35bgh";"he3bhe4t";"female";"single";"2002-09-18";"hertnhbjrytbnhr";"396003";"valsad";"UP"
238;"jyot";"khant";"desi";"br3tbhe4th";"g35bgh";"he3bhe4t";"female";"single";"2002-09-18";"hertnhbjrytbnhr";"396003";"valsad";"UP"
239;"jyot";"khant";"desi";"br3tbhe4th";"g35bgh";"he3bhe4t";"female";"single";"2002-09-18";"hertnhbjrytbnhr";"396003";"valsad";"UP"
240;"jyot";"khant";"desi";"br3tbhe4th";"g35bgh";"he3bhe4t";"female";"single";"2002-09-18";"hertnhbjrytbnhr";"396003";"valsad";"UP"
241;"jyot";"khant";"desi";"br3tbhe4th";"g35bgh";"he3bhe4t";"female";"single";"2002-09-18";"hertnhbjrytbnhr";"396003";"surat";"gujrat"
242;"jyot";"khant";"desi";"br3tbhe4th";"g35bgh";"he3bhe4t";"female";"single";"2002-09-18";"hertnhbjrytbnhr";"396003";"surat";"gujrat"
243;"jyot";"khant";"desi";"br3tbhe4th";"g35bgh";"he3bhe4t";"female";"single";"2002-09-18";"hertnhbjrytbnhr";"396003";"surat";"gujrat"
244;"jyot";"khant";"desi";"br3tbhe4th";"g35bgh";"he3bhe4t";"female";"single";"2002-09-18";"hertnhbjrytbnhr";"396003";"surat";"gujrat"
245;"jyot";"khant";"desi";"br3tbhe4th";"g35bgh";"he3bhe4t";"female";"single";"2002-09-18";"hertnhbjrytbnhr";"396003";"surat";"gujrat"
246;"jyot";"khant";"desi";"br3tbhe4th";"g35bgh";"he3bhe4t";"female";"single";"2002-09-18";"hertnhbjrytbnhr";"396003";"surat";"gujrat"
247;"jyot";"khant";"desi";"br3tbhe4th";"g35bgh";"he3bhe4t";"female";"single";"2002-09-18";"hertnhbjrytbnhr";"396003";"surat";"gujrat"
248;"jyot";"khant";"desi";"br3tbhe4th";"g35bgh";"he3bhe4t";"female";"single";"2002-09-18";"hertnhbjrytbnhr";"396003";"surat";"gujrat"
249;"jyot";"khant";"desi";"br3tbhe4th";"g35bgh";"he3bhe4t";"female";"single";"2002-09-18";"hertnhbjrytbnhr";"396003";"surat";"gujrat"
250;"jyot";"khant";"desi";"br3tbhe4th";"g35bgh";"he3bhe4t";"female";"single";"2002-09-18";"hertnhbjrytbnhr";"396003";"surat";"gujrat"
251;"jyot";"khant";"desi";"br3tbhe4th";"g35bgh";"he3bhe4t";"female";"single";"2002-09-18";"hertnhbjrytbnhr";"396003";"surat";"gujrat"
252;"jyot";"khant";"desi";"br3tbhe4th";"g35bgh";"he3bhe4t";"female";"single";"2002-09-18";"hertnhbjrytbnhr";"396003";"surat";"gujrat"
253;"jyot";"khant";"rwesf";"bebder";"bhtbhdertbhg";"ebhhhhhhhh";"female";"single";"2002-09-18";"hbgebhebg";"396003";"valsad";"UP"
254;"jyot";"khant";"rwesf";"bebder";"bhtbhdertbhg";"ebhhhhhhhh";"female";"single";"2002-09-18";"hbgebhebg";"396003";"valsad";"UP"
255;"jyot";"khant";"rwesf";"bebder";"bhtbhdertbhg";"ebhhhhhhhh";"female";"single";"2002-09-18";"hbgebhebg";"396003";"valsad";"UP"
256;"jyot";"khant";"rwesf";"bebder";"bhtbhdertbhg";"ebhhhhhhhh";"female";"single";"2002-09-18";"hbgebhebg";"396003";"valsad";"UP"
257;"jyot";"khant";"rwesf";"bebder";"bhtbhdertbhg";"ebhhhhhhhh";"female";"single";"2002-09-18";"hbgebhebg";"396003";"valsad";"UP"
258;"";"";"";"";"";"";"female";"single";"2002-09-18";"";"";"valsad";"UP"
259;"";"";"";"";"";"";"female";"single";"2002-09-18";"";"";"valsad";"UP"
260;"";"";"";"";"";"";"female";"single";"2002-09-18";"";"";"valsad";"UP"
261;"";"";"";"";"";"";"female";"single";"2002-09-18";"";"";"valsad";"UP"
262;"";"";"";"";"";"";"female";"single";"2002-09-18";"";"";"valsad";"UP"
263;"";"";"";"";"";"";"female";"single";"2002-09-18";"";"";"valsad";"UP"
264;"jyot";"khant";"developer";"604 setu heidhts";"valsad";"9725888368";"female";"single";"2002-09-18";"";"396003";"valsad";"UP"
265;"jyot";"khant";"developer";"604 setu heidhts";"valsad";"9725888368";"female";"single";"2002-09-18";"";"396003";"valsad";"UP"
266;"jyot";"khant";"developer";"604 setu heidhts";"valsad";"9725888368";"female";"single";"2002-09-18";"";"396003";"valsad";"UP"
267;"jyot";"khant";"developer";"604 setu heidhts";"valsad";"9725888368";"female";"single";"2002-09-18";"";"396003";"valsad";"UP"
268;"jyot";"khant";"developer";"604 setu heidhts";"valsad";"9725888368";"female";"single";"2002-09-18";"";"396003";"valsad";"UP"
269;"jyot";"khant";"developer";"604 setu heidhts";"valsad";"9725888368";"female";"single";"2002-09-18";"";"396003";"valsad";"UP"
270;"jyot";"khant";"developer";"604 setu heidhts";"valsad";"9725888368";"female";"single";"2002-09-18";"";"396003";"valsad";"UP"
271;"jyot";"khant";"developer";"604 setu heidhts";"valsad";"9725888368";"female";"single";"2002-09-18";"";"396003";"valsad";"UP"
272;"jyot";"khant";"developer";"604 setu heidhts";"valsad";"9725888368";"female";"single";"2002-09-18";"";"396003";"valsad";"UP"
273;"jyot";"khant";"developer";"604 setu heidhts";"valsad";"9725888368";"female";"single";"2002-09-18";"";"396003";"valsad";"UP"
274;"jyot";"khant";"developer";"604 setu heidhts";"valsad";"9725888368";"female";"single";"2002-09-18";"";"396003";"valsad";"UP"
275;"JYOT ";"khant";"developer";"604 setu heidhts";"abhrama,valsad";"9725888368";"male";"single";"2002-09-06";"jyotkhant2002@gmail.com";"396002";"valsad";"gujrat"
276;"";"";"";"";"";"";"female";"single";"2002-09-18";"";"";"valsad";"UP"
277;"";"";"";"";"";"";"female";"single";"2002-09-18";"";"";"valsad";"UP"
278;"khant";"khant";"khant";"khant";"khant";"1234567890";"female";"married";"2002-09-18";"jyotkhant2002@gmail.com";"khant";"valsad";"UP"
279;"khant";"khant";"khant";"khant";"khant";"1234567890";"female";"married";"2002-09-18";"jyotkhant2002@gmail.com";"khant";"valsad";"UP"
280;"hyjhgjh";"uyiy";"ghjghgjhjg";"yuiu";"uiyui";"jhgjhgjh";"female";"single";"2002-09-18";"hgj";"uyyuiy";"valsad";"UP"
281;"j6hu darshak";"";"jhur6h546";"";"";"";"female";"single";"2002-09-18";"r6uj6j";"";"valsad";"UP"
282;"j6hu darshak";"";"jhur6h546";"";"";"";"female";"single";"2002-09-18";"r6uj6j";"";"valsad";"UP"
283;"j6hu darshak";"";"jhur6h546";"";"";"";"female";"single";"2002-09-18";"r6uj6j";"";"valsad";"UP"
284;"j6hu darshak";"";"jhur6h546";"";"";"";"female";"single";"2002-09-18";"r6uj6j";"";"valsad";"UP"
285;"j6hu darshak";"";"jhur6h546";"";"";"";"female";"single";"2002-09-18";"r6uj6j";"";"valsad";"UP"
286;"j6hu darshak";"";"jhur6h546";"";"";"";"female";"single";"2002-09-18";"r6uj6j";"";"valsad";"UP"
287;"j6hu darshak";"";"jhur6h546";"";"";"";"female";"single";"2002-09-18";"r6uj6j";"";"valsad";"UP"
288;"j6hu darshak";"";"jhur6h546";"";"";"";"female";"single";"2002-09-18";"r6uj6j";"";"valsad";"UP"
289;"j6hu darshak";"";"jhur6h546";"";"";"";"female";"single";"2002-09-18";"r6uj6j";"";"valsad";"UP"
290;"j6hu darshak";"";"jhur6h546";"";"";"";"female";"single";"2002-09-18";"r6uj6j";"";"valsad";"UP"
291;"j6hu darshak";"";"jhur6h546";"";"";"";"female";"single";"2002-09-18";"r6uj6j";"";"valsad";"UP"
292;"j6hu darshak";"";"jhur6h546";"";"";"";"female";"single";"2002-09-18";"r6uj6j";"";"valsad";"UP"
293;"j6hu darshak";"";"jhur6h546";"";"";"";"female";"single";"2002-09-18";"r6uj6j";"";"valsad";"UP"
294;"j6hu darshak";"";"jhur6h546";"";"";"";"female";"single";"2002-09-18";"r6uj6j";"";"valsad";"UP"
295;"j6hu darshak";"";"jhur6h546";"";"";"";"female";"single";"2002-09-18";"r6uj6j";"";"valsad";"UP"
296;"j6hu darshak";"";"jhur6h546";"";"";"";"female";"single";"2002-09-18";"r6uj6j";"";"valsad";"UP"
297;"j6hu darshak";"";"jhur6h546";"";"";"";"female";"single";"2002-09-18";"r6uj6j";"";"valsad";"UP"
298;"bhethbne4t 18-3";"he5tjh";"jh4e56j";"j46546";"";"";"undefined";"single";"2002-09-18";"";"";"valsad";"UP"
299;"jk";"jk";"jk";"jk";"jk";"1234567890";"undefined";"single";"2002-09-18";"jyotkhant2002@gmail.com";"123456";"valsad";"gujrat"
300;"jk";"jk";"jk";"jk";"jk";"1234567890";"undefined";"single";"2002-09-18";"jyotkhant2002@gmail.com";"123456";"valsad";"gujrat"
301;"jk";"jk";"jk";"jk";"jk";"1234567890";"undefined";"single";"2002-09-18";"jyotkhant2002@gmail.com";"123456";"valsad";"gujrat"
302;"jyot";"jyot";"";"";"";"";"undefined";"single";"2002-09-18";"";"";"valsad";"UP"
303;"jyot";"jyot";"e4tnjhr4ynj4";"";"";"";"undefined";"single";"2002-09-18";"";"";"valsad";"UP"
304;"";"";"";"";"";"";"undefined";"single";"2002-09-18";"";"";"valsad";"UP"
305;"t3h";"";"";"";"";"";"undefined";"single";"2002-09-18";"";"";"valsad";"UP"
306;"t3hggg";"";"";"";"";"";"undefined";"single";"2002-09-18";"";"";"valsad";"UP"
307;"jyot";"";"";"";"";"";"undefined";"single";"2002-09-18";"";"";"valsad";"UP"
308;"jyot";"khant";"e4tnjhr4ynj4";"";"";"";"undefined";"single";"2002-09-18";"";"";"valsad";"UP"
309;"jk";"khant";"";"";"";"";"undefined";"single";"2002-09-18";"";"";"valsad";"UP"
310;"";"";"";"";"";"";"female";"single";"2002-09-18";"";"";"valsad";"UP"
311;"jyot";"khant";"sdl-1";"604-setu heights,abrama";"valsad";"9876543210";"male";"single";"2002-09-18";"jyot.khant.2024@gmail.com";"396002";"valsad";"gujrat"
312;"";"";"";"";"";"";"female";"single";"2002-09-18";"";"";"valsad";"UP"
313;"jyot";"khant";"software developer";"604-setu heights,abhrama";"valsad";"9876543210";"male";"single";"2002-09-18";"";"123456";"valsad";"UP"
314;"";"";"";"";"";"";"female";"single";"2002-09-18";"";"";"valsad";"UP"
315;"";"";"";"";"";"";"female";"single";"2002-09-18";"";"";"valsad";"UP"
316;"";"";"";"";"";"";"female";"single";"2002-09-18";"";"";"valsad";"UP"
317;"jyot";"khant";"sdl-1";"setu heights";"valsad";"987654321";"male";"single";"2002-09-18";"jyotkhant2002@gmail.com";"396001";"valsad";"gujrat"
