"id";"job_id";"name";"contactNumber";"relation";"r_no"
1;"4";"jyot";"1234567890";"gujrat";"1"
2;"193";"rtyertyerty";"rtyrtyrtyrtyrt";"tryrtyrty";"1"
3;"194";"rtyertyerty";"rtyrtyrtyrtyrt";"tryrtyrty";"1"
4;"195";"rtyertyerty";"rtyrtyrtyrtyrt";"tryrtyrty";"1"
5;"196";"rtyertyerty";"rtyrtyrtyrtyrt";"tryrtyrty";"1"
6;"197";"rtyertyerty";"rtyrtyrtyrtyrt";"tryrtyrty";"1"
7;"198";"rtyertyerty";"rtyrtyrtyrtyrt";"tryrtyrty";"1"
8;"201";"ronit";"8976543456";"friend";"1"
9;"204";"";"";"";"1"
10;"205";"";"";"";"1"
11;"206";"";"";"";"1"
12;"207";"";"";"";"1"
13;"208";"";"";"";"1"
14;"209";"";"";"";"1"
15;"210";"";"";"";"1"
16;"211";"ethter";"123456789034";"wrgverg";"1"
17;"212";"";"";"";"1"
18;"213";"";"";"";"1"
19;"214";"";"";"";"1"
20;"215";"";"";"";"1"
21;"216";"";"";"";"1"
22;"217";"gebhe4";"123456789034";"e4he4hgt";"1"
23;"221";"";"";"";"1"
24;"4";"gujrat";"123456789033";"gujrat";"2"
25;"211";"ethter";"123456789034";"wrgverg";"2"
26;"217";"esaprk";"123456789035";"esaprk";"2"
27;"217";"gebhe4";"123456789034";"e4he4hgt";"3"
28;"250";"jyot";"123456789033";"friend";"1"
29;"251";"jyot";"123456789033";"friend";"1"
30;"252";"jyot";"123456789033";"friend";"1"
31;"253";"darsh";"123456789034";"444sfrb";"1"
32;"254";"darsh";"123456789034";"444sfrb";"1"
33;"265";"jyot";"jyot";"khant";"1"
34;"266";"jyot";"jyot";"khant";"1"
35;"266";"jyot";"jyot";"khant";"1"
36;"266";"jyot";"jyot";"khant";"1"
37;"267";"jyot";"jyot";"khant";"1"
38;"268";"jyot";"jyot";"khant";"1"
39;"275";"I57T6I57TI";"I67TIK57";"7IK6T7IKJ";"1"
40;"278";"khant";"khant";"khant";"1"
41;"278";"khant";"khant";"khant";"1"
42;"278";"khant";"khant";"khant";"1"
43;"279";"khant";"khant";"khant";"1"
44;"275";"b ne4tbhe4";"hju456uy56";"ju56jhu57u567";"2"
45;"301";"B YTJ";"123456789";"12345";"1"
46;"301";"bhswrghrwe";"123456789033";"wrgverg";"2"
47;"311";"23434";"123456789";"friend";"1"
48;"314";"CVWERG4";"4E6J564H";"J57YJ567J";"1"
49;"315";"CVWERG4";"4E6J564H";"J57YJ567J";"1"
50;"317";"bhswrghrwe";"123456789033";"wrgverg";"1"
51;"317";"bhswrghrwe";"123456789";"12345";"2"
